{
  "run_name": "exam38_20251231-140338",
  "image_name": "exam38.png",
  "models": {
    "paddle": {
      "cer": 0.8740157480314961,
      "accuracy": 0.8,
      "correct": 16,
      "total": 20
    },
    "trocr_base": {
      "cer": 1.4960629921259843,
      "accuracy": 0.05,
      "correct": 1,
      "total": 20
    },
    "trocr_large": {
      "cer": 1.1574803149606299,
      "accuracy": 0.1,
      "correct": 2,
      "total": 20
    },
    "easyocr": {
      "cer": 0.7795275590551181,
      "accuracy": 0.0,
      "correct": 0,
      "total": 20
    }
  }
}