{
  "run_name": "exam32_20251231-135610",
  "image_name": "exam32.png",
  "models": {
    "paddle": {
      "cer": 0.4330708661417323,
      "accuracy": 0.7,
      "correct": 14,
      "total": 20
    },
    "trocr_base": {
      "cer": 0.3700787401574803,
      "accuracy": 0.4,
      "correct": 8,
      "total": 20
    },
    "trocr_large": {
      "cer": 0.48031496062992124,
      "accuracy": 0.65,
      "correct": 13,
      "total": 20
    },
    "easyocr": {
      "cer": 0.7165354330708661,
      "accuracy": 0.0,
      "correct": 0,
      "total": 20
    }
  }
}