{
  "run_name": "exam87_20260102-012907",
  "image_name": "exam87.png",
  "models": {
    "paddle": {
      "cer": 0.16030534351145037,
      "accuracy": 0.75,
      "correct": 15,
      "total": 20
    },
    "trocr_base": {
      "cer": 0.5038167938931297,
      "accuracy": 0.4,
      "correct": 8,
      "total": 20
    },
    "trocr_large": {
      "cer": 0.5343511450381679,
      "accuracy": 0.35,
      "correct": 7,
      "total": 20
    },
    "easyocr": {
      "cer": 0.6946564885496184,
      "accuracy": 0.05,
      "correct": 1,
      "total": 20
    }
  }
}