{
  "run_name": "exam48_20260102-004037",
  "image_name": "exam48.png",
  "models": {
    "paddle": {
      "cer": 0.05343511450381679,
      "accuracy": 0.7,
      "correct": 14,
      "total": 20
    },
    "trocr_base": {
      "cer": 0.4732824427480916,
      "accuracy": 0.25,
      "correct": 5,
      "total": 20
    },
    "trocr_large": {
      "cer": 0.21374045801526717,
      "accuracy": 0.4,
      "correct": 8,
      "total": 20
    },
    "easyocr": {
      "cer": 0.6030534351145038,
      "accuracy": 0.15,
      "correct": 3,
      "total": 20
    }
  }
}