{
  "run_name": "exam70_20260102-010813",
  "image_name": "exam70.png",
  "models": {
    "paddle": {
      "cer": 0.07633587786259542,
      "accuracy": 0.7,
      "correct": 14,
      "total": 20
    },
    "trocr_base": {
      "cer": 0.32061068702290074,
      "accuracy": 0.35,
      "correct": 7,
      "total": 20
    },
    "trocr_large": {
      "cer": 0.1450381679389313,
      "accuracy": 0.65,
      "correct": 13,
      "total": 20
    },
    "easyocr": {
      "cer": 0.7938931297709924,
      "accuracy": 0.3,
      "correct": 6,
      "total": 20
    }
  }
}