{
  "run_name": "exam68_20260106-133451",
  "image_name": "exam68.png",
  "models": {
    "paddle": {
      "cer": 0.5419847328244275,
      "accuracy": 0.7,
      "correct": 14,
      "total": 20
    },
    "trocr_base": {
      "cer": 1.1984732824427482,
      "accuracy": 0.45,
      "correct": 9,
      "total": 20
    },
    "trocr_large": {
      "cer": 0.732824427480916,
      "accuracy": 0.7,
      "correct": 14,
      "total": 20
    },
    "easyocr": {
      "cer": 0.732824427480916,
      "accuracy": 0.15,
      "correct": 3,
      "total": 20
    }
  }
}