{
  "run_name": "exam53_20251231-142231",
  "image_name": "exam53.png",
  "models": {
    "paddle": {
      "cer": 0.11023622047244094,
      "accuracy": 0.8,
      "correct": 16,
      "total": 20
    },
    "trocr_base": {
      "cer": 0.2125984251968504,
      "accuracy": 0.5,
      "correct": 10,
      "total": 20
    },
    "trocr_large": {
      "cer": 0.14173228346456693,
      "accuracy": 0.6,
      "correct": 12,
      "total": 20
    },
    "easyocr": {
      "cer": 0.6062992125984252,
      "accuracy": 0.25,
      "correct": 5,
      "total": 20
    }
  }
}