{
  "run_name": "exam90_20260102-013250",
  "image_name": "exam90.png",
  "models": {
    "paddle": {
      "cer": 0.10687022900763359,
      "accuracy": 0.85,
      "correct": 17,
      "total": 20
    },
    "trocr_base": {
      "cer": 0.4732824427480916,
      "accuracy": 0.3,
      "correct": 6,
      "total": 20
    },
    "trocr_large": {
      "cer": 0.1953435114503817,
      "accuracy": 0.6,
      "correct": 12,
      "total": 20
    },
    "easyocr": {
      "cer": 0.549618320610687,
      "accuracy": 0.3,
      "correct": 6,
      "total": 20
    }
  }
}