{
  "run_name": "exam69_20251231-144409",
  "image_name": "exam69.png",
  "models": {
    "paddle": {
      "cer": 0.29133858267716534,
      "accuracy": 0.7,
      "correct": 14,
      "total": 20
    },
    "trocr_base": {
      "cer": 0.4881889763779528,
      "accuracy": 0.3,
      "correct": 6,
      "total": 20
    },
    "trocr_large": {
      "cer": 0.31496062992125984,
      "accuracy": 0.6,
      "correct": 12,
      "total": 20
    },
    "easyocr": {
      "cer": 0.6141732283464567,
      "accuracy": 0.2,
      "correct": 4,
      "total": 20
    }
  }
}