{
  "run_name": "exam74_20260102-011331",
  "image_name": "exam74.png",
  "models": {
    "paddle": {
      "cer": 0.22137404580152673,
      "accuracy": 0.65,
      "correct": 13,
      "total": 20
    },
    "trocr_base": {
      "cer": 0.40458015267175573,
      "accuracy": 0.3,
      "correct": 6,
      "total": 20
    },
    "trocr_large": {
      "cer": 0.37404580152671757,
      "accuracy": 0.35,
      "correct": 7,
      "total": 20
    },
    "easyocr": {
      "cer": 0.732824427480916,
      "accuracy": 0.2,
      "correct": 4,
      "total": 20
    }
  }
}