{
  "run_name": "exam85_20251231-150258",
  "image_name": "exam85.png",
  "models": {
    "paddle": {
      "cer": 0.047244094488188976,
      "accuracy": 0.8,
      "correct": 16,
      "total": 20
    },
    "trocr_base": {
      "cer": 0.2677165354330709,
      "accuracy": 0.35,
      "correct": 7,
      "total": 20
    },
    "trocr_large": {
      "cer": 0.2125984251968504,
      "accuracy": 0.4,
      "correct": 8,
      "total": 20
    },
    "easyocr": {
      "cer": 0.7086614173228346,
      "accuracy": 0.05,
      "correct": 1,
      "total": 20
    }
  }
}