{
  "run_name": "exam07_20260101-234408",
  "image_name": "exam07.png",
  "models": {
    "paddle": {
      "cer": 1.4351145038167938,
      "accuracy": 0.4,
      "correct": 8,
      "total": 20
    },
    "trocr_base": {
      "cer": 1.099236641221374,
      "accuracy": 0.35,
      "correct": 7,
      "total": 20
    },
    "trocr_large": {
      "cer": 0.1953435114503817,
      "accuracy": 0.6,
      "correct": 12,
      "total": 20
    },
    "easyocr": {
      "cer": 0.9847328244274809,
      "accuracy": 0.0,
      "correct": 0,
      "total": 20
    }
  }
}