{
  "run_name": "exam51_20260102-004322",
  "image_name": "exam51.png",
  "models": {
    "paddle": {
      "cer": 0.40458015267175573,
      "accuracy": 0.65,
      "correct": 13,
      "total": 20
    },
    "trocr_base": {
      "cer": 0.4961832061068702,
      "accuracy": 0.2,
      "correct": 4,
      "total": 20
    },
    "trocr_large": {
      "cer": 0.31297709923664124,
      "accuracy": 0.3,
      "correct": 6,
      "total": 20
    },
    "easyocr": {
      "cer": 0.6183206106870229,
      "accuracy": 0.25,
      "correct": 5,
      "total": 20
    }
  }
}