{
  "run_name": "exam03_20260101-233832",
  "image_name": "exam03.png",
  "models": {
    "paddle": {
      "cer": 0.16030534351145037,
      "accuracy": 0.75,
      "correct": 15,
      "total": 20
    },
    "trocr_base": {
      "cer": 0.6564885496183206,
      "accuracy": 0.05,
      "correct": 1,
      "total": 20
    },
    "trocr_large": {
      "cer": 0.4351145038167939,
      "accuracy": 0.3,
      "correct": 6,
      "total": 20
    },
    "easyocr": {
      "cer": 0.8625954198473282,
      "accuracy": 0.05,
      "correct": 1,
      "total": 20
    }
  }
}