{
  "run_name": "exam89_20251231-150751",
  "image_name": "exam89.png",
  "models": {
    "paddle": {
      "cer": 0.07874015748031496,
      "accuracy": 0.7,
      "correct": 14,
      "total": 20
    },
    "trocr_base": {
      "cer": 0.30708661417322836,
      "accuracy": 0.25,
      "correct": 5,
      "total": 20
    },
    "trocr_large": {
      "cer": 0.1732283464566929,
      "accuracy": 0.5,
      "correct": 10,
      "total": 20
    },
    "easyocr": {
      "cer": 0.8503937007874016,
      "accuracy": 0.05,
      "correct": 1,
      "total": 20
    }
  }
}