{
  "run_name": "exam60_20260102-005509",
  "image_name": "exam60.png",
  "models": {
    "paddle": {
      "cer": 0.1984732824427481,
      "accuracy": 0.6,
      "correct": 12,
      "total": 20
    },
    "trocr_base": {
      "cer": 0.3053435114503817,
      "accuracy": 0.55,
      "correct": 11,
      "total": 20
    },
    "trocr_large": {
      "cer": 0.31297709923664124,
      "accuracy": 0.55,
      "correct": 11,
      "total": 20
    },
    "easyocr": {
      "cer": 0.8244274809160306,
      "accuracy": 0.25,
      "correct": 5,
      "total": 20
    }
  }
}