{
  "run_name": "exam48_20251231-141659",
  "image_name": "exam48.png",
  "models": {
    "paddle": {
      "cer": 0.047244094488188976,
      "accuracy": 0.75,
      "correct": 15,
      "total": 20
    },
    "trocr_base": {
      "cer": 0.3543307086614173,
      "accuracy": 0.35,
      "correct": 7,
      "total": 20
    },
    "trocr_large": {
      "cer": 0.2047244094488189,
      "accuracy": 0.45,
      "correct": 9,
      "total": 20
    },
    "easyocr": {
      "cer": 0.5039370078740157,
      "accuracy": 0.25,
      "correct": 5,
      "total": 20
    }
  }
}