{
  "run_name": "exam81_20251231-145907",
  "image_name": "exam81.png",
  "models": {
    "paddle": {
      "cer": 0.5826771653543307,
      "accuracy": 0.8,
      "correct": 16,
      "total": 20
    },
    "trocr_base": {
      "cer": 0.7559055118110236,
      "accuracy": 0.1,
      "correct": 2,
      "total": 20
    },
    "trocr_large": {
      "cer": 0.6614173228346457,
      "accuracy": 0.15,
      "correct": 3,
      "total": 20
    },
    "easyocr": {
      "cer": 0.8740157480314961,
      "accuracy": 0.0,
      "correct": 0,
      "total": 20
    }
  }
}