{
  "run_name": "exam56_20260102-004957",
  "image_name": "exam56.png",
  "models": {
    "paddle": {
      "cer": 0.12213740458015267,
      "accuracy": 0.65,
      "correct": 13,
      "total": 20
    },
    "trocr_base": {
      "cer": 0.21374045801526717,
      "accuracy": 0.5,
      "correct": 10,
      "total": 20
    },
    "trocr_large": {
      "cer": 0.1984732824427481,
      "accuracy": 0.55,
      "correct": 11,
      "total": 20
    },
    "easyocr": {
      "cer": 0.4732824427480916,
      "accuracy": 0.2,
      "correct": 4,
      "total": 20
    }
  }
}