{
  "run_name": "exam23_20251231-134447",
  "image_name": "exam23.png",
  "models": {
    "paddle": {
      "cer": 0.06299212598425197,
      "accuracy": 0.75,
      "correct": 15,
      "total": 20
    },
    "trocr_base": {
      "cer": 0.1889763779527559,
      "accuracy": 0.5,
      "correct": 10,
      "total": 20
    },
    "trocr_large": {
      "cer": 0.11535433070866143,
      "accuracy": 0.6,
      "correct": 12,
      "total": 20
    },
    "easyocr": {
      "cer": 0.4645669291338583,
      "accuracy": 0.2,
      "correct": 4,
      "total": 20
    }
  }
}