{
  "run_name": "exam59_20251231-143046",
  "image_name": "exam59.png",
  "models": {
    "paddle": {
      "cer": 0.2125984251968504,
      "accuracy": 0.8,
      "correct": 16,
      "total": 20
    },
    "trocr_base": {
      "cer": 0.2992125984251969,
      "accuracy": 0.45,
      "correct": 9,
      "total": 20
    },
    "trocr_large": {
      "cer": 0.29133858267716534,
      "accuracy": 0.55,
      "correct": 11,
      "total": 20
    },
    "easyocr": {
      "cer": 0.6062992125984252,
      "accuracy": 0.25,
      "correct": 5,
      "total": 20
    }
  }
}