{
  "run_name": "exam16_20251231-133557",
  "image_name": "exam16.png",
  "models": {
    "paddle": {
      "cer": 0.4330708661417323,
      "accuracy": 0.7,
      "correct": 14,
      "total": 20
    },
    "trocr_base": {
      "cer": 0.6377952755905512,
      "accuracy": 0.25,
      "correct": 5,
      "total": 20
    },
    "trocr_large": {
      "cer": 0.6535433070866141,
      "accuracy": 0.55,
      "correct": 11,
      "total": 20
    },
    "easyocr": {
      "cer": 0.8110236220472441,
      "accuracy": 0.05,
      "correct": 1,
      "total": 20
    }
  }
}