{
  "run_name": "exam86_20260102-012753",
  "image_name": "exam86.png",
  "models": {
    "paddle": {
      "cer": 0.11450381679389313,
      "accuracy": 0.7,
      "correct": 14,
      "total": 20
    },
    "trocr_base": {
      "cer": 0.3053435114503817,
      "accuracy": 0.45,
      "correct": 9,
      "total": 20
    },
    "trocr_large": {
      "cer": 0.1984732824427481,
      "accuracy": 0.55,
      "correct": 11,
      "total": 20
    },
    "easyocr": {
      "cer": 0.732824427480916,
      "accuracy": 0.05,
      "correct": 1,
      "total": 20
    }
  }
}