{
  "run_name": "exam20_20251231-134102",
  "image_name": "exam20.png",
  "models": {
    "paddle": {
      "cer": 0.48031496062992124,
      "accuracy": 0.7,
      "correct": 14,
      "total": 20
    },
    "trocr_base": {
      "cer": 0.6771653543307087,
      "accuracy": 0.25,
      "correct": 5,
      "total": 20
    },
    "trocr_large": {
      "cer": 0.48031496062992124,
      "accuracy": 0.55,
      "correct": 11,
      "total": 20
    },
    "easyocr": {
      "cer": 0.7401574803149606,
      "accuracy": 0.1,
      "correct": 2,
      "total": 20
    }
  }
}