{
  "run_name": "exam62_20260102-005745",
  "image_name": "exam62.png",
  "models": {
    "paddle": {
      "cer": 0.183206106870229,
      "accuracy": 0.7,
      "correct": 14,
      "total": 20
    },
    "trocr_base": {
      "cer": 0.35877862595419846,
      "accuracy": 0.25,
      "correct": 5,
      "total": 20
    },
    "trocr_large": {
      "cer": 0.29770992366412213,
      "accuracy": 0.55,
      "correct": 11,
      "total": 20
    },
    "easyocr": {
      "cer": 0.5954198473282443,
      "accuracy": 0.2,
      "correct": 4,
      "total": 20
    }
  }
}