{
  "run_name": "exam69_20260102-010659",
  "image_name": "exam69.png",
  "models": {
    "paddle": {
      "cer": 0.29770992366412213,
      "accuracy": 0.7,
      "correct": 14,
      "total": 20
    },
    "trocr_base": {
      "cer": 0.5648854961832062,
      "accuracy": 0.35,
      "correct": 7,
      "total": 20
    },
    "trocr_large": {
      "cer": 0.3511450381679389,
      "accuracy": 0.5,
      "correct": 10,
      "total": 20
    },
    "easyocr": {
      "cer": 0.6641221374045801,
      "accuracy": 0.2,
      "correct": 4,
      "total": 20
    }
  }
}