{
  "run_name": "exam63_20260102-005900",
  "image_name": "exam63.png",
  "models": {
    "paddle": {
      "cer": 0.25190839694656486,
      "accuracy": 0.75,
      "correct": 15,
      "total": 20
    },
    "trocr_base": {
      "cer": 0.5267175572519084,
      "accuracy": 0.25,
      "correct": 5,
      "total": 20
    },
    "trocr_large": {
      "cer": 0.3511450381679389,
      "accuracy": 0.55,
      "correct": 11,
      "total": 20
    },
    "easyocr": {
      "cer": 0.7633587786259542,
      "accuracy": 0.15,
      "correct": 3,
      "total": 20
    }
  }
}