{
  "run_name": "exam01_20251231-131706",
  "image_name": "exam01.png",
  "models": {
    "paddle": {
      "cer": 0.15748031496062992,
      "accuracy": 0.75,
      "correct": 15,
      "total": 20
    },
    "trocr_base": {
      "cer": 0.33070866141732286,
      "accuracy": 0.4,
      "correct": 8,
      "total": 20
    },
    "trocr_large": {
      "cer": 0.2283464566929134,
      "accuracy": 0.65,
      "correct": 13,
      "total": 20
    },
    "easyocr": {
      "cer": 0.5669291338582677,
      "accuracy": 0.2,
      "correct": 4,
      "total": 20
    }
  }
}