{
  "run_name": "exam51_20251231-141946",
  "image_name": "exam51.png",
  "models": {
    "paddle": {
      "cer": 0.3858267716535433,
      "accuracy": 0.65,
      "correct": 13,
      "total": 20
    },
    "trocr_base": {
      "cer": 0.4566929133858268,
      "accuracy": 0.25,
      "correct": 5,
      "total": 20
    },
    "trocr_large": {
      "cer": 0.3228346456692913,
      "accuracy": 0.7,
      "correct": 14,
      "total": 20
    },
    "easyocr": {
      "cer": 0.5118110236220472,
      "accuracy": 0.3,
      "correct": 6,
      "total": 20
    }
  }
}