{
  "run_name": "exam46_20251231-141417",
  "image_name": "exam46.png",
  "models": {
    "paddle": {
      "cer": 0.11811023622047244,
      "accuracy": 0.7,
      "correct": 14,
      "total": 20
    },
    "trocr_base": {
      "cer": 0.41732283464566927,
      "accuracy": 0.2,
      "correct": 4,
      "total": 20
    },
    "trocr_large": {
      "cer": 0.2677165354330709,
      "accuracy": 0.45,
      "correct": 9,
      "total": 20
    },
    "easyocr": {
      "cer": 0.6299212598425197,
      "accuracy": 0.25,
      "correct": 5,
      "total": 20
    }
  }
}