{
  "run_name": "exam14_20260101-235426",
  "image_name": "exam14.png",
  "models": {
    "paddle": {
      "cer": 0.1450381679389313,
      "accuracy": 0.6,
      "correct": 12,
      "total": 20
    },
    "trocr_base": {
      "cer": 0.37404580152671757,
      "accuracy": 0.3,
      "correct": 6,
      "total": 20
    },
    "trocr_large": {
      "cer": 0.19083969465648856,
      "accuracy": 0.45,
      "correct": 9,
      "total": 20
    },
    "easyocr": {
      "cer": 0.6793893129770993,
      "accuracy": 0.2,
      "correct": 4,
      "total": 20
    }
  }
}