{
  "run_name": "exam33_20260104-175753",
  "image_name": "exam33.png",
  "models": {
    "paddle": {
      "cer": 0.3053435114503817,
      "accuracy": 0.35,
      "correct": 7,
      "total": 20
    },
    "trocr_base": {
      "cer": 1.7938931297709924,
      "accuracy": 0.35,
      "correct": 7,
      "total": 20
    },
    "trocr_large": {
      "cer": 0.8396946564885496,
      "accuracy": 0.4,
      "correct": 8,
      "total": 20
    },
    "easyocr": {
      "cer": 0.7099236641221374,
      "accuracy": 0.05,
      "correct": 1,
      "total": 20
    }
  }
}