{
  "run_name": "exam88_20251231-150638",
  "image_name": "exam88.png",
  "models": {
    "paddle": {
      "cer": 0.047244094488188976,
      "accuracy": 0.8,
      "correct": 16,
      "total": 20
    },
    "trocr_base": {
      "cer": 0.3228346456692913,
      "accuracy": 0.35,
      "correct": 7,
      "total": 20
    },
    "trocr_large": {
      "cer": 0.1968503937007874,
      "accuracy": 0.45,
      "correct": 9,
      "total": 20
    },
    "easyocr": {
      "cer": 0.6614173228346457,
      "accuracy": 0.1,
      "correct": 2,
      "total": 20
    }
  }
}