{
  "run_name": "exam33_20251231-135726",
  "image_name": "exam33.png",
  "models": {
    "paddle": {
      "cer": 0.897007874015748,
      "accuracy": 0.8,
      "correct": 16,
      "total": 20
    },
    "trocr_base": {
      "cer": 2.125984251968504,
      "accuracy": 0.05,
      "correct": 1,
      "total": 20
    },
    "trocr_large": {
      "cer": 0.11535433070866143,
      "accuracy": 0.6,
      "correct": 12,
      "total": 20
    },
    "easyocr": {
      "cer": 0.6692913385826772,
      "accuracy": 0.0,
      "correct": 0,
      "total": 20
    }
  }
}