{
  "run_name": "exam19_20251231-133944",
  "image_name": "exam19.png",
  "models": {
    "paddle": {
      "cer": 0.6850393700787402,
      "accuracy": 0.25,
      "correct": 5,
      "total": 20
    },
    "trocr_base": {
      "cer": 0.7874015748031497,
      "accuracy": 0.15,
      "correct": 3,
      "total": 20
    },
    "trocr_large": {
      "cer": 0.8346456692913385,
      "accuracy": 0.25,
      "correct": 5,
      "total": 20
    },
    "easyocr": {
      "cer": 0.905511811023622,
      "accuracy": 0.0,
      "correct": 0,
      "total": 20
    }
  }
}