{
  "run_name": "exam77_20251231-145411",
  "image_name": "exam77.png",
  "models": {
    "paddle": {
      "cer": 0.4566929133858268,
      "accuracy": 0.8,
      "correct": 16,
      "total": 20
    },
    "trocr_base": {
      "cer": 0.3700787401574803,
      "accuracy": 0.15,
      "correct": 3,
      "total": 20
    },
    "trocr_large": {
      "cer": 0.5039370078740157,
      "accuracy": 0.7,
      "correct": 14,
      "total": 20
    },
    "easyocr": {
      "cer": 0.7244094488188977,
      "accuracy": 0.05,
      "correct": 1,
      "total": 20
    }
  }
}