{
  "run_name": "exam61_20251231-143326",
  "image_name": "exam61.png",
  "models": {
    "paddle": {
      "cer": 0.1732283464566929,
      "accuracy": 0.75,
      "correct": 15,
      "total": 20
    },
    "trocr_base": {
      "cer": 0.3700787401574803,
      "accuracy": 0.35,
      "correct": 7,
      "total": 20
    },
    "trocr_large": {
      "cer": 0.23622047244094488,
      "accuracy": 0.7,
      "correct": 14,
      "total": 20
    },
    "easyocr": {
      "cer": 0.6062992125984252,
      "accuracy": 0.2,
      "correct": 4,
      "total": 20
    }
  }
}