{
  "run_name": "exam50_20251231-141825",
  "image_name": "exam50.png",
  "models": {
    "paddle": {
      "cer": 0.14173228346456693,
      "accuracy": 0.9,
      "correct": 18,
      "total": 20
    },
    "trocr_base": {
      "cer": 0.4015748031496063,
      "accuracy": 0.4,
      "correct": 8,
      "total": 20
    },
    "trocr_large": {
      "cer": 0.31496062992125984,
      "accuracy": 0.4,
      "correct": 8,
      "total": 20
    },
    "easyocr": {
      "cer": 0.44881889763779526,
      "accuracy": 0.35,
      "correct": 7,
      "total": 20
    }
  }
}