{
  "run_name": "exam41_20251231-140713",
  "image_name": "exam41.png",
  "models": {
    "paddle": {
      "cer": 0.7322834645669292,
      "accuracy": 0.8,
      "correct": 16,
      "total": 20
    },
    "trocr_base": {
      "cer": 1.3070866141732282,
      "accuracy": 0.05,
      "correct": 1,
      "total": 20
    },
    "trocr_large": {
      "cer": 1.0866141732283465,
      "accuracy": 0.05,
      "correct": 1,
      "total": 20
    },
    "easyocr": {
      "cer": 0.8267716535433071,
      "accuracy": 0.0,
      "correct": 0,
      "total": 20
    }
  }
}