{
  "run_name": "exam65_20251231-143855",
  "image_name": "exam65.png",
  "models": {
    "paddle": {
      "cer": 0.41732283464566927,
      "accuracy": 0.8,
      "correct": 16,
      "total": 20
    },
    "trocr_base": {
      "cer": 0.5590551181102362,
      "accuracy": 0.3,
      "correct": 6,
      "total": 20
    },
    "trocr_large": {
      "cer": 0.4409448818897638,
      "accuracy": 0.55,
      "correct": 11,
      "total": 20
    },
    "easyocr": {
      "cer": 0.7952755905511811,
      "accuracy": 0.15,
      "correct": 3,
      "total": 20
    }
  }
}