{
  "run_name": "exam70_20251231-144523",
  "image_name": "exam70.png",
  "models": {
    "paddle": {
      "cer": 0.07874015748031496,
      "accuracy": 0.7,
      "correct": 14,
      "total": 20
    },
    "trocr_base": {
      "cer": 0.2204724409448819,
      "accuracy": 0.4,
      "correct": 8,
      "total": 20
    },
    "trocr_large": {
      "cer": 0.10236220472440945,
      "accuracy": 0.7,
      "correct": 14,
      "total": 20
    },
    "easyocr": {
      "cer": 0.7401574803149606,
      "accuracy": 0.3,
      "correct": 6,
      "total": 20
    }
  }
}