{
  "run_name": "exam21_20251231-134216",
  "image_name": "exam21.png",
  "models": {
    "paddle": {
      "cer": 0.1889763779527559,
      "accuracy": 0.8,
      "correct": 16,
      "total": 20
    },
    "trocr_base": {
      "cer": 0.3937007874015748,
      "accuracy": 0.2,
      "correct": 4,
      "total": 20
    },
    "trocr_large": {
      "cer": 0.4015748031496063,
      "accuracy": 0.55,
      "correct": 11,
      "total": 20
    },
    "easyocr": {
      "cer": 0.8740157480314961,
      "accuracy": 0.05,
      "correct": 1,
      "total": 20
    }
  }
}