{
  "run_name": "exam60_20251231-143209",
  "image_name": "exam60.png",
  "models": {
    "paddle": {
      "cer": 0.2047244094488189,
      "accuracy": 0.8,
      "correct": 16,
      "total": 20
    },
    "trocr_base": {
      "cer": 0.2755905511811024,
      "accuracy": 0.45,
      "correct": 9,
      "total": 20
    },
    "trocr_large": {
      "cer": 0.30708661417322836,
      "accuracy": 0.5,
      "correct": 10,
      "total": 20
    },
    "easyocr": {
      "cer": 0.8188976377952756,
      "accuracy": 0.25,
      "correct": 5,
      "total": 20
    }
  }
}