{
  "run_name": "exam47_20260102-003917",
  "image_name": "exam47.png",
  "models": {
    "paddle": {
      "cer": 0.16030534351145037,
      "accuracy": 0.75,
      "correct": 15,
      "total": 20
    },
    "trocr_base": {
      "cer": 0.6030534351145038,
      "accuracy": 0.25,
      "correct": 5,
      "total": 20
    },
    "trocr_large": {
      "cer": 0.42748091603053434,
      "accuracy": 0.3,
      "correct": 6,
      "total": 20
    },
    "easyocr": {
      "cer": 0.7938931297709924,
      "accuracy": 0.1,
      "correct": 2,
      "total": 20
    }
  }
}