{
  "run_name": "exam34_20260102-002211",
  "image_name": "exam34.png",
  "models": {
    "paddle": {
      "cer": 0.5343511450381679,
      "accuracy": 0.4,
      "correct": 8,
      "total": 20
    },
    "trocr_base": {
      "cer": 0.5343511450381679,
      "accuracy": 0.35,
      "correct": 7,
      "total": 20
    },
    "trocr_large": {
      "cer": 0.3282442748091603,
      "accuracy": 0.35,
      "correct": 7,
      "total": 20
    },
    "easyocr": {
      "cer": 0.6412213740458015,
      "accuracy": 0.0,
      "correct": 0,
      "total": 20
    }
  }
}