{
  "run_name": "exam52_20251231-142110",
  "image_name": "exam52.png",
  "models": {
    "paddle": {
      "cer": 0.7165354330708661,
      "accuracy": 0.8,
      "correct": 16,
      "total": 20
    },
    "trocr_base": {
      "cer": 0.8031496062992126,
      "accuracy": 0.3,
      "correct": 6,
      "total": 20
    },
    "trocr_large": {
      "cer": 0.7401574803149606,
      "accuracy": 0.55,
      "correct": 11,
      "total": 20
    },
    "easyocr": {
      "cer": 1.0,
      "accuracy": 0.05,
      "correct": 1,
      "total": 20
    }
  }
}