{
  "run_name": "exam07_20251231-132425",
  "image_name": "exam07.png",
  "models": {
    "paddle": {
      "cer": 1.2598425196850394,
      "accuracy": 0.55,
      "correct": 11,
      "total": 20
    },
    "trocr_base": {
      "cer": 0.9133858267716536,
      "accuracy": 0.35,
      "correct": 7,
      "total": 20
    },
    "trocr_large": {
      "cer": 0.8740157480314961,
      "accuracy": 0.4,
      "correct": 8,
      "total": 20
    },
    "easyocr": {
      "cer": 0.984251968503937,
      "accuracy": 0.0,
      "correct": 0,
      "total": 20
    }
  }
}