{
  "run_name": "exam54_20251231-142353",
  "image_name": "exam54.png",
  "models": {
    "paddle": {
      "cer": 0.06299212598425197,
      "accuracy": 0.7,
      "correct": 14,
      "total": 20
    },
    "trocr_base": {
      "cer": 0.1889763779527559,
      "accuracy": 0.5,
      "correct": 10,
      "total": 20
    },
    "trocr_large": {
      "cer": 0.16535433070866143,
      "accuracy": 0.7,
      "correct": 14,
      "total": 20
    },
    "easyocr": {
      "cer": 0.4645669291338583,
      "accuracy": 0.2,
      "correct": 4,
      "total": 20
    }
  }
}