{
  "run_name": "exam36_20251231-140118",
  "image_name": "exam36.png",
  "models": {
    "paddle": {
      "cer": 0.2204724409448819,
      "accuracy": 0.55,
      "correct": 11,
      "total": 20
    },
    "trocr_base": {
      "cer": 0.5118110236220472,
      "accuracy": 0.2,
      "correct": 4,
      "total": 20
    },
    "trocr_large": {
      "cer": 0.36220472440944884,
      "accuracy": 0.3,
      "correct": 6,
      "total": 20
    },
    "easyocr": {
      "cer": 0.7007874015748031,
      "accuracy": 0.05,
      "correct": 1,
      "total": 20
    }
  }
}