{
  "run_name": "exam64_20251231-143731",
  "image_name": "exam64.png",
  "models": {
    "paddle": {
      "cer": 0.5984251968503937,
      "accuracy": 0.6,
      "correct": 12,
      "total": 20
    },
    "trocr_base": {
      "cer": 0.7165354330708661,
      "accuracy": 0.3,
      "correct": 6,
      "total": 20
    },
    "trocr_large": {
      "cer": 0.6456692913385826,
      "accuracy": 0.5,
      "correct": 10,
      "total": 20
    },
    "easyocr": {
      "cer": 0.905511811023622,
      "accuracy": 0.05,
      "correct": 1,
      "total": 20
    }
  }
}