{
  "run_name": "exam77_20260102-011730",
  "image_name": "exam77.png",
  "models": {
    "paddle": {
      "cer": 0.04580152671755725,
      "accuracy": 0.8,
      "correct": 16,
      "total": 20
    },
    "trocr_base": {
      "cer": 0.366412213740458,
      "accuracy": 0.35,
      "correct": 7,
      "total": 20
    },
    "trocr_large": {
      "cer": 0.17610687022900764,
      "accuracy": 0.6,
      "correct": 12,
      "total": 20
    },
    "easyocr": {
      "cer": 0.7480916030534351,
      "accuracy": 0.1,
      "correct": 2,
      "total": 20
    }
  }
}