{
  "run_name": "exam79_20251231-145639",
  "image_name": "exam79.png",
  "models": {
    "paddle": {
      "cer": 0.4881889763779528,
      "accuracy": 0.8,
      "correct": 16,
      "total": 20
    },
    "trocr_base": {
      "cer": 0.5118110236220472,
      "accuracy": 0.15,
      "correct": 3,
      "total": 20
    },
    "trocr_large": {
      "cer": 0.5905511811023622,
      "accuracy": 0.25,
      "correct": 5,
      "total": 20
    },
    "easyocr": {
      "cer": 0.8031496062992126,
      "accuracy": 0.1,
      "correct": 2,
      "total": 20
    }
  }
}