{
  "run_name": "exam67_20251231-144131",
  "image_name": "exam67.png",
  "models": {
    "paddle": {
      "cer": 0.3228346456692913,
      "accuracy": 0.65,
      "correct": 13,
      "total": 20
    },
    "trocr_base": {
      "cer": 0.33858267716535434,
      "accuracy": 0.3,
      "correct": 6,
      "total": 20
    },
    "trocr_large": {
      "cer": 0.33070866141732286,
      "accuracy": 0.7,
      "correct": 14,
      "total": 20
    },
    "easyocr": {
      "cer": 0.6299212598425197,
      "accuracy": 0.05,
      "correct": 1,
      "total": 20
    }
  }
}