{
  "run_name": "exam47_20251231-141534",
  "image_name": "exam47.png",
  "models": {
    "paddle": {
      "cer": 0.2992125984251969,
      "accuracy": 0.6,
      "correct": 12,
      "total": 20
    },
    "trocr_base": {
      "cer": 0.5275590551181102,
      "accuracy": 0.25,
      "correct": 5,
      "total": 20
    },
    "trocr_large": {
      "cer": 0.4251968503937008,
      "accuracy": 0.3,
      "correct": 6,
      "total": 20
    },
    "easyocr": {
      "cer": 0.6850393700787402,
      "accuracy": 0.15,
      "correct": 3,
      "total": 20
    }
  }
}