{
  "run_name": "exam45_20251231-141247",
  "image_name": "exam45.png",
  "models": {
    "paddle": {
      "cer": 0.16535433070866143,
      "accuracy": 0.8,
      "correct": 16,
      "total": 20
    },
    "trocr_base": {
      "cer": 0.36220472440944884,
      "accuracy": 0.3,
      "correct": 6,
      "total": 20
    },
    "trocr_large": {
      "cer": 0.2204724409448819,
      "accuracy": 0.7,
      "correct": 14,
      "total": 20
    },
    "easyocr": {
      "cer": 0.47244094488188976,
      "accuracy": 0.25,
      "correct": 5,
      "total": 20
    }
  }
}