{
  "run_name": "exam44_20251231-141125",
  "image_name": "exam44.png",
  "models": {
    "paddle": {
      "cer": 0.1968503937007874,
      "accuracy": 0.7,
      "correct": 14,
      "total": 20
    },
    "trocr_base": {
      "cer": 0.3700787401574803,
      "accuracy": 0.45,
      "correct": 9,
      "total": 20
    },
    "trocr_large": {
      "cer": 0.14173228346456693,
      "accuracy": 0.6,
      "correct": 12,
      "total": 20
    },
    "easyocr": {
      "cer": 0.5196850393700787,
      "accuracy": 0.2,
      "correct": 4,
      "total": 20
    }
  }
}