{
  "run_name": "exam76_20251231-145254",
  "image_name": "exam76.png",
  "models": {
    "paddle": {
      "cer": 0.47244094488188976,
      "accuracy": 0.8,
      "correct": 16,
      "total": 20
    },
    "trocr_base": {
      "cer": 0.7165354330708661,
      "accuracy": 0.2,
      "correct": 4,
      "total": 20
    },
    "trocr_large": {
      "cer": 0.5196850393700787,
      "accuracy": 0.45,
      "correct": 9,
      "total": 20
    },
    "easyocr": {
      "cer": 0.7795275590551181,
      "accuracy": 0.15,
      "correct": 3,
      "total": 20
    }
  }
}