{
  "run_name": "exam61_20260102-005627",
  "image_name": "exam61.png",
  "models": {
    "paddle": {
      "cer": 0.16793893129770993,
      "accuracy": 0.75,
      "correct": 15,
      "total": 20
    },
    "trocr_base": {
      "cer": 0.45038167938931295,
      "accuracy": 0.35,
      "correct": 7,
      "total": 20
    },
    "trocr_large": {
      "cer": 0.26717557251908397,
      "accuracy": 0.5,
      "correct": 10,
      "total": 20
    },
    "easyocr": {
      "cer": 0.6564885496183206,
      "accuracy": 0.2,
      "correct": 4,
      "total": 20
    }
  }
}