{
  "run_name": "exam26_20260102-001118",
  "image_name": "exam26.png",
  "models": {
    "paddle": {
      "cer": 0.45038167938931295,
      "accuracy": 0.5,
      "correct": 10,
      "total": 20
    },
    "trocr_base": {
      "cer": 0.5038167938931297,
      "accuracy": 0.15,
      "correct": 3,
      "total": 20
    },
    "trocr_large": {
      "cer": 0.3435114503816794,
      "accuracy": 0.2,
      "correct": 4,
      "total": 20
    },
    "easyocr": {
      "cer": 0.9083969465648855,
      "accuracy": 0.05,
      "correct": 1,
      "total": 20
    }
  }
}