{
  "run_name": "exam55_20251231-142518",
  "image_name": "exam55.png",
  "models": {
    "paddle": {
      "cer": 0.08661417322834646,
      "accuracy": 0.65,
      "correct": 13,
      "total": 20
    },
    "trocr_base": {
      "cer": 0.1889763779527559,
      "accuracy": 0.55,
      "correct": 11,
      "total": 20
    },
    "trocr_large": {
      "cer": 0.14173228346456693,
      "accuracy": 0.6,
      "correct": 12,
      "total": 20
    },
    "easyocr": {
      "cer": 0.47244094488188976,
      "accuracy": 0.15,
      "correct": 3,
      "total": 20
    }
  }
}