{
  "run_name": "exam65_20260102-010134",
  "image_name": "exam65.png",
  "models": {
    "paddle": {
      "cer": 0.40458015267175573,
      "accuracy": 0.6,
      "correct": 12,
      "total": 20
    },
    "trocr_base": {
      "cer": 0.6259541984732825,
      "accuracy": 0.2,
      "correct": 4,
      "total": 20
    },
    "trocr_large": {
      "cer": 0.4580152671755725,
      "accuracy": 0.5,
      "correct": 10,
      "total": 20
    },
    "easyocr": {
      "cer": 0.8396946564885496,
      "accuracy": 0.15,
      "correct": 3,
      "total": 20
    }
  }
}