{
  "run_name": "exam62_20251231-143448",
  "image_name": "exam62.png",
  "models": {
    "paddle": {
      "cer": 0.1889763779527559,
      "accuracy": 0.7,
      "correct": 14,
      "total": 20
    },
    "trocr_base": {
      "cer": 0.31496062992125984,
      "accuracy": 0.4,
      "correct": 8,
      "total": 20
    },
    "trocr_large": {
      "cer": 0.25196850393700787,
      "accuracy": 0.7,
      "correct": 14,
      "total": 20
    },
    "easyocr": {
      "cer": 0.5669291338582677,
      "accuracy": 0.2,
      "correct": 4,
      "total": 20
    }
  }
}