{
  "run_name": "exam72_20251231-144751",
  "image_name": "exam72.png",
  "models": {
    "paddle": {
      "cer": 0.3858267716535433,
      "accuracy": 0.7,
      "correct": 14,
      "total": 20
    },
    "trocr_base": {
      "cer": 0.5275590551181102,
      "accuracy": 0.3,
      "correct": 6,
      "total": 20
    },
    "trocr_large": {
      "cer": 0.4566929133858268,
      "accuracy": 0.5,
      "correct": 10,
      "total": 20
    },
    "easyocr": {
      "cer": 0.8188976377952756,
      "accuracy": 0.15,
      "correct": 3,
      "total": 20
    }
  }
}