{
  "run_name": "exam66_20251231-144013",
  "image_name": "exam66.png",
  "models": {
    "paddle": {
      "cer": 0.25984251968503935,
      "accuracy": 0.85,
      "correct": 17,
      "total": 20
    },
    "trocr_base": {
      "cer": 0.23622047244094488,
      "accuracy": 0.35,
      "correct": 7,
      "total": 20
    },
    "trocr_large": {
      "cer": 0.2283464566929134,
      "accuracy": 0.65,
      "correct": 13,
      "total": 20
    },
    "easyocr": {
      "cer": 0.6535433070866141,
      "accuracy": 0.05,
      "correct": 1,
      "total": 20
    }
  }
}