{
  "generated_at": "20260101-120926",
  "models": {
    "paddle": {
      "accuracy": 0.7116666666666667,
      "cer": 0.37925809273840766
    },
    "trocr_base": {
      "accuracy": 0.29444444444444445,
      "cer": 0.6210848643919509
    },
    "trocr_large": {
      "accuracy": 0.515,
      "cer": 0.3882195975503061
    },
    "easyocr": {
      "accuracy": 0.11888888888888889,
      "cer": 0.6690813648293963
    }
  }
}