{
  "run_name": "exam80_20251231-130137",
  "image_name": "exam80.png",
  "models": {
    "paddle": {
      "cer": 0.2283464566929134,
      "accuracy": 0.65,
      "correct": 13,
      "total": 20
    },
    "trocr_base": {
      "cer": 0.3543307086614173,
      "accuracy": 0.35,
      "correct": 7,
      "total": 20
    },
    "trocr_large": {
      "cer": 0.30708661417322836,
      "accuracy": 0.35,
      "correct": 7,
      "total": 20
    },
    "easyocr": {
      "cer": 0.6456692913385826,
      "accuracy": 0.2,
      "correct": 4,
      "total": 20
    }
  }
}